"x","y","sigmaNovelty","cell","EEZ"
-149.875,61.375,2.2971660618107,115,"United States Exclusive Economic Zone (Alaska)"
-150.125,61.125,1.94779719613131,114,"United States Exclusive Economic Zone (Alaska)"
-147.375,60.875,0.186200596103282,142,"United States Exclusive Economic Zone (Alaska)"
-151.875,60.625,0.372683953170839,114,"United States Exclusive Economic Zone (Alaska)"
-151.625,60.625,0.475639147840051,114,"United States Exclusive Economic Zone (Alaska)"
-151.375,60.625,0.532117552634379,114,"United States Exclusive Economic Zone (Alaska)"
-148.125,60.625,0.0644780708553681,142,"United States Exclusive Economic Zone (Alaska)"
-147.875,60.625,0.0887733068070313,142,"United States Exclusive Economic Zone (Alaska)"
-147.625,60.625,0.0965593718263009,142,"United States Exclusive Economic Zone (Alaska)"
-147.375,60.625,0.142797336274621,142,"United States Exclusive Economic Zone (Alaska)"
-147.125,60.625,0.10291851797464,142,"United States Exclusive Economic Zone (Alaska)"
-146.875,60.625,0.0527969884666681,142,"United States Exclusive Economic Zone (Alaska)"
-146.625,60.625,0.101695856844891,142,"United States Exclusive Economic Zone (Alaska)"
-146.375,60.625,0.149158953000809,142,"United States Exclusive Economic Zone (Alaska)"
-146.125,60.625,0.193002883747944,142,"United States Exclusive Economic Zone (Alaska)"
-145.875,60.625,0.170616243766565,142,"United States Exclusive Economic Zone (Alaska)"
-152.125,60.375,0.148192332849239,114,"United States Exclusive Economic Zone (Alaska)"
-151.875,60.375,0.681801217254378,114,"United States Exclusive Economic Zone (Alaska)"
-151.625,60.375,0.437176570046178,114,"United States Exclusive Economic Zone (Alaska)"
-151.375,60.375,0.456888163091459,114,"United States Exclusive Economic Zone (Alaska)"
-148.125,60.375,0.0761594000679561,142,"United States Exclusive Economic Zone (Alaska)"
-147.875,60.375,0.0764107325038793,142,"United States Exclusive Economic Zone (Alaska)"
-147.375,60.375,0.0229374634681063,142,"United States Exclusive Economic Zone (Alaska)"
-146.875,60.375,0.147972425237607,142,"United States Exclusive Economic Zone (Alaska)"
-145.625,60.375,0.235924261595039,142,"United States Exclusive Economic Zone (Alaska)"
-152.625,60.125,0.0502323349492793,114,"United States Exclusive Economic Zone (Alaska)"
-152.375,60.125,0.381106484547847,114,"United States Exclusive Economic Zone (Alaska)"
-152.125,60.125,0.302524461951845,114,"United States Exclusive Economic Zone (Alaska)"
-151.875,60.125,0.257336144055471,114,"United States Exclusive Economic Zone (Alaska)"
-151.625,60.125,0.33628056011278,114,"United States Exclusive Economic Zone (Alaska)"
-147.875,60.125,0.0767853035052734,142,"United States Exclusive Economic Zone (Alaska)"
-147.625,60.125,0.015377379838768,142,"United States Exclusive Economic Zone (Alaska)"
-147.125,60.125,0.0709049709918799,142,"United States Exclusive Economic Zone (Alaska)"
-146.875,60.125,0.103118136509482,142,"United States Exclusive Economic Zone (Alaska)"
-146.625,60.125,0.112400643441762,142,"United States Exclusive Economic Zone (Alaska)"
-146.375,60.125,0.0971894502050046,142,"United States Exclusive Economic Zone (Alaska)"
-146.125,60.125,0.0373467941153819,142,"United States Exclusive Economic Zone (Alaska)"
-145.875,60.125,0.0258280195306863,142,"United States Exclusive Economic Zone (Alaska)"
-145.625,60.125,0.0238982387452279,142,"United States Exclusive Economic Zone (Alaska)"
-145.375,60.125,0.0680160299633962,142,"United States Exclusive Economic Zone (Alaska)"
-145.125,60.125,0.0836532924641873,142,"United States Exclusive Economic Zone (Alaska)"
-144.875,60.125,0.201107944410991,142,"United States Exclusive Economic Zone (Alaska)"
-144.625,60.125,0.0833282486320047,142,"United States Exclusive Economic Zone (Alaska)"
-141.375,60.125,0.212692087130783,170,"United States Exclusive Economic Zone (Alaska)"
-152.875,59.875,0.37590921780913,114,"United States Exclusive Economic Zone (Alaska)"
-152.625,59.875,0.35671654890907,114,"United States Exclusive Economic Zone (Alaska)"
-152.375,59.875,0.30090641395858,114,"United States Exclusive Economic Zone (Alaska)"
-152.125,59.875,0.284790601219672,114,"United States Exclusive Economic Zone (Alaska)"
-151.875,59.875,0.0668901919445309,114,"United States Exclusive Economic Zone (Alaska)"
-149.625,59.875,9.32739217804147e-05,114,"United States Exclusive Economic Zone (Alaska)"
-149.375,59.875,0.0023878206126211,114,"United States Exclusive Economic Zone (Alaska)"
-149.125,59.875,0.0559844667031169,114,"United States Exclusive Economic Zone (Alaska)"
-148.875,59.875,0.0376460350867663,142,"United States Exclusive Economic Zone (Alaska)"
-148.625,59.875,0.0590255399454845,142,"United States Exclusive Economic Zone (Alaska)"
-148.375,59.875,0.0158081792174391,142,"United States Exclusive Economic Zone (Alaska)"
-148.125,59.875,0.028417263925631,142,"United States Exclusive Economic Zone (Alaska)"
-147.875,59.875,0.048951523999764,142,"United States Exclusive Economic Zone (Alaska)"
-147.375,59.875,0.0668188788633264,142,"United States Exclusive Economic Zone (Alaska)"
-147.125,59.875,0.247011988279174,142,"United States Exclusive Economic Zone (Alaska)"
-146.875,59.875,0.198048720998693,142,"United States Exclusive Economic Zone (Alaska)"
-146.625,59.875,0.200374561942664,142,"United States Exclusive Economic Zone (Alaska)"
-146.375,59.875,0.188178332892806,142,"United States Exclusive Economic Zone (Alaska)"
-146.125,59.875,0.235330600726283,142,"United States Exclusive Economic Zone (Alaska)"
-145.875,59.875,0.208539745047766,142,"United States Exclusive Economic Zone (Alaska)"
-145.625,59.875,0.223981550068838,142,"United States Exclusive Economic Zone (Alaska)"
-145.375,59.875,0.26256235523625,142,"United States Exclusive Economic Zone (Alaska)"
-145.125,59.875,0.257152126066405,142,"United States Exclusive Economic Zone (Alaska)"
-144.875,59.875,0.283444200831153,142,"United States Exclusive Economic Zone (Alaska)"
-144.625,59.875,0.164730696238911,142,"United States Exclusive Economic Zone (Alaska)"
-144.375,59.875,0.225932980491214,142,"United States Exclusive Economic Zone (Alaska)"
-144.125,59.875,0.198492791673713,170,"United States Exclusive Economic Zone (Alaska)"
-143.875,59.875,0.194431234257727,170,"United States Exclusive Economic Zone (Alaska)"
-143.625,59.875,0.246606444344709,170,"United States Exclusive Economic Zone (Alaska)"
-143.375,59.875,0.25437019401265,170,"United States Exclusive Economic Zone (Alaska)"
-143.125,59.875,0.236987997769178,170,"United States Exclusive Economic Zone (Alaska)"
-142.875,59.875,0.310973692604637,170,"United States Exclusive Economic Zone (Alaska)"
-142.625,59.875,0.342169044054291,170,"United States Exclusive Economic Zone (Alaska)"
-142.375,59.875,0.332874689491863,170,"United States Exclusive Economic Zone (Alaska)"
-142.125,59.875,0.302817433991157,170,"United States Exclusive Economic Zone (Alaska)"
-141.875,59.875,0.307972900271761,170,"United States Exclusive Economic Zone (Alaska)"
-141.625,59.875,0.339631766364515,170,"United States Exclusive Economic Zone (Alaska)"
-153.375,59.625,0.773123786423708,114,"United States Exclusive Economic Zone (Alaska)"
-153.125,59.625,0.126298022069046,114,"United States Exclusive Economic Zone (Alaska)"
-152.875,59.625,0.297060921675109,114,"United States Exclusive Economic Zone (Alaska)"
-152.625,59.625,0.250065939187217,114,"United States Exclusive Economic Zone (Alaska)"
-152.375,59.625,0.226411291910627,114,"United States Exclusive Economic Zone (Alaska)"
-152.125,59.625,0.325239039533465,114,"United States Exclusive Economic Zone (Alaska)"
-151.875,59.625,0.570999165432889,114,"United States Exclusive Economic Zone (Alaska)"
-151.625,59.625,0.673690334218258,114,"United States Exclusive Economic Zone (Alaska)"
-151.375,59.625,0.13868581258904,114,"United States Exclusive Economic Zone (Alaska)"
-149.875,59.625,0.00103482470170975,114,"United States Exclusive Economic Zone (Alaska)"
-149.625,59.625,0.00307857779558043,114,"United States Exclusive Economic Zone (Alaska)"
-149.375,59.625,0.0322723059256242,114,"United States Exclusive Economic Zone (Alaska)"
-149.125,59.625,0.0545633833339559,114,"United States Exclusive Economic Zone (Alaska)"
-148.875,59.625,0.0640008782338846,142,"United States Exclusive Economic Zone (Alaska)"
-148.625,59.625,0.0910749753383434,142,"United States Exclusive Economic Zone (Alaska)"
-148.375,59.625,0.132729245240446,142,"United States Exclusive Economic Zone (Alaska)"
-148.125,59.625,0.141754669902422,142,"United States Exclusive Economic Zone (Alaska)"
-147.875,59.625,0.126184230428415,142,"United States Exclusive Economic Zone (Alaska)"
-147.625,59.625,0.120371311799252,142,"United States Exclusive Economic Zone (Alaska)"
-147.375,59.625,0.24228432148042,142,"United States Exclusive Economic Zone (Alaska)"
-147.125,59.625,0.165425893744373,142,"United States Exclusive Economic Zone (Alaska)"
-146.625,59.625,0.2122237687754,142,"United States Exclusive Economic Zone (Alaska)"
-146.375,59.625,0.214060296830425,142,"United States Exclusive Economic Zone (Alaska)"
-146.125,59.625,0.214759743833448,142,"United States Exclusive Economic Zone (Alaska)"
-145.875,59.625,0.23566675790772,142,"United States Exclusive Economic Zone (Alaska)"
-144.875,59.625,0.250800318547125,142,"United States Exclusive Economic Zone (Alaska)"
-144.625,59.625,0.264963455384735,142,"United States Exclusive Economic Zone (Alaska)"
-144.375,59.625,0.150438442521859,142,"United States Exclusive Economic Zone (Alaska)"
-144.125,59.625,0.238490468259485,170,"United States Exclusive Economic Zone (Alaska)"
-143.875,59.625,0.227284955021869,170,"United States Exclusive Economic Zone (Alaska)"
-143.625,59.625,0.235529984127921,170,"United States Exclusive Economic Zone (Alaska)"
-142.375,59.625,0.241173294009414,170,"United States Exclusive Economic Zone (Alaska)"
-142.125,59.625,0.255114264102993,170,"United States Exclusive Economic Zone (Alaska)"
-141.875,59.625,0.301849471578703,170,"United States Exclusive Economic Zone (Alaska)"
-141.625,59.625,0.398970981071736,170,"United States Exclusive Economic Zone (Alaska)"
-141.375,59.625,0.376046348735182,170,"United States Exclusive Economic Zone (Alaska)"
-141.125,59.625,0.320857276959979,170,"United States Exclusive Economic Zone (Alaska)"
-140.875,59.625,0.181597007557778,170,"United States Exclusive Economic Zone (Alaska)"
-140.625,59.625,0.0886262438962438,170,"United States Exclusive Economic Zone (Alaska)"
-140.375,59.625,0.108865771182394,170,"United States Exclusive Economic Zone (Alaska)"
-140.125,59.625,0.283565303996255,170,"United States Exclusive Economic Zone (Alaska)"
-139.875,59.625,0.337422372153367,170,"United States Exclusive Economic Zone (Alaska)"
-139.625,59.625,0.38193687079311,170,"United States Exclusive Economic Zone (Alaska)"
-153.875,59.375,0.108056183257579,86,"United States Exclusive Economic Zone (Alaska)"
-153.625,59.375,0.490084898588594,86,"United States Exclusive Economic Zone (Alaska)"
-153.125,59.375,0.277242686458348,114,"United States Exclusive Economic Zone (Alaska)"
-152.875,59.375,0.0215906293819586,114,"United States Exclusive Economic Zone (Alaska)"
-152.625,59.375,0.046269707128343,114,"United States Exclusive Economic Zone (Alaska)"
-152.375,59.375,0.030457043744352,114,"United States Exclusive Economic Zone (Alaska)"
-152.125,59.375,0.0335946319384694,114,"United States Exclusive Economic Zone (Alaska)"
-151.875,59.375,0.0118147703519498,114,"United States Exclusive Economic Zone (Alaska)"
-150.125,59.375,0.0103846947649474,114,"United States Exclusive Economic Zone (Alaska)"
-149.875,59.375,0.0186940624494189,114,"United States Exclusive Economic Zone (Alaska)"
-149.625,59.375,0.0193309800841879,114,"United States Exclusive Economic Zone (Alaska)"
-149.375,59.375,0.0345474824962414,114,"United States Exclusive Economic Zone (Alaska)"
-149.125,59.375,0.0651136715082295,114,"United States Exclusive Economic Zone (Alaska)"
-148.875,59.375,0.167645303108148,142,"United States Exclusive Economic Zone (Alaska)"
-148.625,59.375,0.263261132012609,142,"United States Exclusive Economic Zone (Alaska)"
-148.375,59.375,0.304360414413949,142,"United States Exclusive Economic Zone (Alaska)"
-148.125,59.375,0.270126123688936,142,"United States Exclusive Economic Zone (Alaska)"
-147.875,59.375,0.19542365829739,142,"United States Exclusive Economic Zone (Alaska)"
-147.625,59.375,0.151733720128884,142,"United States Exclusive Economic Zone (Alaska)"
-147.375,59.375,0.106823149171568,142,"United States Exclusive Economic Zone (Alaska)"
-146.625,59.375,0.160045129950812,142,"United States Exclusive Economic Zone (Alaska)"
-146.375,59.375,0.181899104466181,142,"United States Exclusive Economic Zone (Alaska)"
-146.125,59.375,0.266859608485722,142,"United States Exclusive Economic Zone (Alaska)"
-145.875,59.375,0.291768142807805,142,"United States Exclusive Economic Zone (Alaska)"
-144.625,59.375,0.396108182206216,142,"United States Exclusive Economic Zone (Alaska)"
-144.375,59.375,0.429404566632758,142,"United States Exclusive Economic Zone (Alaska)"
-144.125,59.375,0.483572752147917,170,"United States Exclusive Economic Zone (Alaska)"
-143.875,59.375,0.49353608193497,170,"United States Exclusive Economic Zone (Alaska)"
-142.125,59.375,0.365054631979678,170,"United States Exclusive Economic Zone (Alaska)"
-141.875,59.375,0.301411998757902,170,"United States Exclusive Economic Zone (Alaska)"
-141.625,59.375,0.279318216055897,170,"United States Exclusive Economic Zone (Alaska)"
-141.375,59.375,0.241214838564289,170,"United States Exclusive Economic Zone (Alaska)"
-141.125,59.375,0.207551214065375,170,"United States Exclusive Economic Zone (Alaska)"
-140.875,59.375,0.139645891841484,170,"United States Exclusive Economic Zone (Alaska)"
-140.625,59.375,0.107928985463426,170,"United States Exclusive Economic Zone (Alaska)"
-140.375,59.375,0.0991284115102948,170,"United States Exclusive Economic Zone (Alaska)"
-140.125,59.375,0.0974159881588429,170,"United States Exclusive Economic Zone (Alaska)"
-139.875,59.375,0.106926874610126,170,"United States Exclusive Economic Zone (Alaska)"
-139.625,59.375,0.094929889227042,198,"United States Exclusive Economic Zone (Alaska)"
-139.375,59.375,0.0275399126380231,198,NA
-154.125,59.125,0.334429554172466,86,"United States Exclusive Economic Zone (Alaska)"
-153.875,59.125,0.183525687032047,86,"United States Exclusive Economic Zone (Alaska)"
-153.625,59.125,0.505790581333171,86,"United States Exclusive Economic Zone (Alaska)"
-153.375,59.125,0.519352780200107,114,"United States Exclusive Economic Zone (Alaska)"
-153.125,59.125,0.0892376867528591,114,"United States Exclusive Economic Zone (Alaska)"
-152.875,59.125,0.081686121471138,114,"United States Exclusive Economic Zone (Alaska)"
-152.625,59.125,0.00854044141359564,114,"United States Exclusive Economic Zone (Alaska)"
-152.375,59.125,0.0383092957044417,114,"United States Exclusive Economic Zone (Alaska)"
-152.125,59.125,0.0489291416844624,114,"United States Exclusive Economic Zone (Alaska)"
-151.875,59.125,0.0635515419383703,114,"United States Exclusive Economic Zone (Alaska)"
-151.625,59.125,0.0514163528133415,114,"United States Exclusive Economic Zone (Alaska)"
-151.375,59.125,0.0209773194278605,114,"United States Exclusive Economic Zone (Alaska)"
-151.125,59.125,0.025811078679232,114,"United States Exclusive Economic Zone (Alaska)"
-150.875,59.125,0.00532231750185283,114,"United States Exclusive Economic Zone (Alaska)"
-150.625,59.125,0.00248122323139997,114,"United States Exclusive Economic Zone (Alaska)"
-150.375,59.125,0.00252193085179504,114,"United States Exclusive Economic Zone (Alaska)"
-150.125,59.125,0.0057992253734555,114,"United States Exclusive Economic Zone (Alaska)"
-146.375,59.125,0.212340670530122,142,"United States Exclusive Economic Zone (Alaska)"
-146.125,59.125,0.253364807575258,142,"United States Exclusive Economic Zone (Alaska)"
-139.875,59.125,0.163272405376409,170,"United States Exclusive Economic Zone (Alaska)"
-139.625,59.125,0.102511062279438,198,"United States Exclusive Economic Zone (Alaska)"
-139.375,59.125,0.0799063373208309,198,"United States Exclusive Economic Zone (Alaska)"
-139.125,59.125,0.0293349487271488,198,"United States Exclusive Economic Zone (Alaska)"
-138.875,59.125,0.0192249918034007,198,"United States Exclusive Economic Zone (Alaska)"
-138.625,59.125,0.0899676766978889,198,"United States Exclusive Economic Zone (Alaska)"
-153.125,58.875,0.0358062096011517,113,"United States Exclusive Economic Zone (Alaska)"
-152.875,58.875,0.000234042762467254,113,"United States Exclusive Economic Zone (Alaska)"
-152.625,58.875,0.0165951090649604,114,"United States Exclusive Economic Zone (Alaska)"
-152.375,58.875,0.0341427817768857,114,"United States Exclusive Economic Zone (Alaska)"
-152.125,58.875,0.0504758717806565,114,"United States Exclusive Economic Zone (Alaska)"
-151.875,58.875,0.0962264693418646,114,"United States Exclusive Economic Zone (Alaska)"
-151.625,58.875,0.0735474361836239,114,"United States Exclusive Economic Zone (Alaska)"
-151.375,58.875,0.0485327491739734,114,"United States Exclusive Economic Zone (Alaska)"
-151.125,58.875,0.025228645790826,114,"United States Exclusive Economic Zone (Alaska)"
-150.875,58.875,0.00529278752282022,114,"United States Exclusive Economic Zone (Alaska)"
-150.625,58.875,0.00279323486385529,114,"United States Exclusive Economic Zone (Alaska)"
-150.375,58.875,0.00211852429617923,114,"United States Exclusive Economic Zone (Alaska)"
-139.625,58.875,0.124568975753947,198,"United States Exclusive Economic Zone (Alaska)"
-139.375,58.875,0.11347088105817,198,"United States Exclusive Economic Zone (Alaska)"
-139.125,58.875,0.1176459977356,198,"United States Exclusive Economic Zone (Alaska)"
-138.875,58.875,0.0789654758062186,198,"United States Exclusive Economic Zone (Alaska)"
-138.625,58.875,0.0280674676133085,198,"United States Exclusive Economic Zone (Alaska)"
-138.375,58.875,0.0704410567127395,198,"United States Exclusive Economic Zone (Alaska)"
-138.125,58.875,0.0288907247737305,198,"United States Exclusive Economic Zone (Alaska)"
-153.625,58.625,0.0332012467408929,113,"United States Exclusive Economic Zone (Alaska)"
-153.375,58.625,0.013211287855692,113,"United States Exclusive Economic Zone (Alaska)"
-153.125,58.625,0.000108095388600626,113,"United States Exclusive Economic Zone (Alaska)"
-152.875,58.625,0.00830088264803141,113,"United States Exclusive Economic Zone (Alaska)"
-152.625,58.625,0.00691328077833276,113,"United States Exclusive Economic Zone (Alaska)"
-152.125,58.625,0.0330200671139941,113,"United States Exclusive Economic Zone (Alaska)"
-151.875,58.625,0.0229427792088144,114,"United States Exclusive Economic Zone (Alaska)"
-151.625,58.625,0.068376543010726,114,"United States Exclusive Economic Zone (Alaska)"
-151.375,58.625,0.0794654949933669,114,"United States Exclusive Economic Zone (Alaska)"
-138.625,58.625,0.0573952516134561,198,"United States Exclusive Economic Zone (Alaska)"
-138.375,58.625,0.0593918896194874,198,"United States Exclusive Economic Zone (Alaska)"
-138.125,58.625,0.0717134518726148,198,"United States Exclusive Economic Zone (Alaska)"
-137.875,58.625,0.0945091599111458,198,"United States Exclusive Economic Zone (Alaska)"
-137.625,58.625,0.0977746742336712,198,"United States Exclusive Economic Zone (Alaska)"
-153.875,58.375,0.129532071982659,113,"United States Exclusive Economic Zone (Alaska)"
-153.625,58.375,0.0426222467334468,113,"United States Exclusive Economic Zone (Alaska)"
-153.375,58.375,0.00641349782801723,113,"United States Exclusive Economic Zone (Alaska)"
-153.125,58.375,0.00757797281623721,113,"United States Exclusive Economic Zone (Alaska)"
-152.875,58.375,0.00952732432656689,113,"United States Exclusive Economic Zone (Alaska)"
-152.375,58.375,0.0985954948772273,113,"United States Exclusive Economic Zone (Alaska)"
-151.875,58.375,0.0124704072070294,113,"United States Exclusive Economic Zone (Alaska)"
-151.625,58.375,0.0174416646248355,113,"United States Exclusive Economic Zone (Alaska)"
-151.375,58.375,0.0402093126599545,113,"United States Exclusive Economic Zone (Alaska)"
-150.375,58.375,0.038213871207541,141,"United States Exclusive Economic Zone (Alaska)"
-150.125,58.375,0.0140012520160244,141,"United States Exclusive Economic Zone (Alaska)"
-138.875,58.375,0.0501523162117551,197,"United States Exclusive Economic Zone (Alaska)"
-138.625,58.375,0.0564595644809766,197,"United States Exclusive Economic Zone (Alaska)"
-138.375,58.375,0.0643379104066359,198,"United States Exclusive Economic Zone (Alaska)"
-138.125,58.375,0.0586868832925195,198,"United States Exclusive Economic Zone (Alaska)"
-137.875,58.375,0.0376791823975993,198,"United States Exclusive Economic Zone (Alaska)"
-137.625,58.375,0.0387597696863251,198,"United States Exclusive Economic Zone (Alaska)"
-137.375,58.375,0.0743437126890909,198,"United States Exclusive Economic Zone (Alaska)"
-137.125,58.375,0.0559780912940845,198,"United States Exclusive Economic Zone (Alaska)"
-154.125,58.125,0.0327105654422565,113,"United States Exclusive Economic Zone (Alaska)"
-153.875,58.125,0.112407739878668,113,"United States Exclusive Economic Zone (Alaska)"
-153.625,58.125,0.0372748239343988,113,"United States Exclusive Economic Zone (Alaska)"
-153.375,58.125,0.0290108139568826,113,"United States Exclusive Economic Zone (Alaska)"
-152.375,58.125,0.0664370683614178,113,NA
-152.125,58.125,0.00656735065398641,113,"United States Exclusive Economic Zone (Alaska)"
-151.875,58.125,0.00925953489022238,113,"United States Exclusive Economic Zone (Alaska)"
-151.625,58.125,0.00477656925675056,113,"United States Exclusive Economic Zone (Alaska)"
-150.375,58.125,0.0428553358688829,141,"United States Exclusive Economic Zone (Alaska)"
-150.125,58.125,0.0107403420840497,141,"United States Exclusive Economic Zone (Alaska)"
-138.875,58.125,0.0696997312529536,197,"United States Exclusive Economic Zone (Alaska)"
-138.625,58.125,0.0488370474715455,197,"United States Exclusive Economic Zone (Alaska)"
-137.375,58.125,0.0212520780128422,198,"United States Exclusive Economic Zone (Alaska)"
-137.125,58.125,0.0375488240213554,225,"United States Exclusive Economic Zone (Alaska)"
-136.875,58.125,0.0422678509288074,225,"United States Exclusive Economic Zone (Alaska)"
-136.625,58.125,0.13059150346513,225,"United States Exclusive Economic Zone (Alaska)"
-134.125,58.125,0.206414702815014,226,"United States Exclusive Economic Zone (Alaska)"
-165.875,57.875,0.591670725710132,30,"United States Exclusive Economic Zone (Alaska)"
-165.625,57.875,0.731138786520185,30,"United States Exclusive Economic Zone (Alaska)"
-154.875,57.875,0.045869254717174,113,"United States Exclusive Economic Zone (Alaska)"
-154.625,57.875,0.0487117941758521,113,"United States Exclusive Economic Zone (Alaska)"
-154.375,57.875,0.0370973734800453,113,"United States Exclusive Economic Zone (Alaska)"
-154.125,57.875,0.0869305045502041,113,"United States Exclusive Economic Zone (Alaska)"
-153.875,57.875,0.10511481910929,113,"United States Exclusive Economic Zone (Alaska)"
-153.125,57.875,0.0417084043912541,113,"United States Exclusive Economic Zone (Alaska)"
-152.625,57.875,0.0298563118718108,113,"United States Exclusive Economic Zone (Alaska)"
-152.375,57.875,0.019770567291981,113,"United States Exclusive Economic Zone (Alaska)"
-152.125,57.875,0.000694272866904374,113,"United States Exclusive Economic Zone (Alaska)"
-151.875,57.875,0.0059068372856751,113,"United States Exclusive Economic Zone (Alaska)"
-137.125,57.875,0.0203847039830405,225,"United States Exclusive Economic Zone (Alaska)"
-136.875,57.875,0.01974871301323,225,"United States Exclusive Economic Zone (Alaska)"
-136.625,57.875,0.0568326393425114,225,"United States Exclusive Economic Zone (Alaska)"
-134.125,57.875,0.236246715693837,225,"United States Exclusive Economic Zone (Alaska)"
-133.875,57.875,0.178772962622816,226,"United States Exclusive Economic Zone (Alaska)"
-165.875,57.625,0.921653015986396,29,"United States Exclusive Economic Zone (Alaska)"
-165.625,57.625,0.894341890460513,29,"United States Exclusive Economic Zone (Alaska)"
-155.625,57.625,0.0157279974334502,85,"United States Exclusive Economic Zone (Alaska)"
-155.375,57.625,0.0573460147338073,85,"United States Exclusive Economic Zone (Alaska)"
-155.125,57.625,0.051533486236814,113,"United States Exclusive Economic Zone (Alaska)"
-154.875,57.625,0.0592323788358183,113,"United States Exclusive Economic Zone (Alaska)"
-154.625,57.625,0.0685366848234935,113,"United States Exclusive Economic Zone (Alaska)"
-154.375,57.625,0.104811048005779,113,"United States Exclusive Economic Zone (Alaska)"
-153.875,57.625,0.132160688560802,113,"United States Exclusive Economic Zone (Alaska)"
-153.625,57.625,0.108401413578616,113,"United States Exclusive Economic Zone (Alaska)"
-152.375,57.625,0.00160562994856409,113,"United States Exclusive Economic Zone (Alaska)"
-152.125,57.625,3.11695756617614e-05,113,"United States Exclusive Economic Zone (Alaska)"
-151.875,57.625,0.00246114717297706,113,"United States Exclusive Economic Zone (Alaska)"
-136.875,57.625,0.0412737013398512,225,"United States Exclusive Economic Zone (Alaska)"
-136.625,57.625,0.0300665207231658,225,"United States Exclusive Economic Zone (Alaska)"
-136.375,57.625,0.0264642412131578,225,"United States Exclusive Economic Zone (Alaska)"
-135.625,57.625,0.288849356032573,225,"United States Exclusive Economic Zone (Alaska)"
-133.875,57.625,1.03069393628754,225,"United States Exclusive Economic Zone (Alaska)"
-160.875,57.375,0.356265911155467,57,"United States Exclusive Economic Zone (Alaska)"
-160.625,57.375,0.430993589430454,57,"United States Exclusive Economic Zone (Alaska)"
-156.375,57.375,0.00405187769657772,85,"United States Exclusive Economic Zone (Alaska)"
-156.125,57.375,0.0171960850648705,85,"United States Exclusive Economic Zone (Alaska)"
-155.875,57.375,0.0217182908776702,85,"United States Exclusive Economic Zone (Alaska)"
-155.625,57.375,0.0519907142085068,85,"United States Exclusive Economic Zone (Alaska)"
-155.375,57.375,0.0569989443182184,85,"United States Exclusive Economic Zone (Alaska)"
-155.125,57.375,0.0668321655261371,113,"United States Exclusive Economic Zone (Alaska)"
-154.875,57.375,0.0314485874271235,113,"United States Exclusive Economic Zone (Alaska)"
-152.375,57.375,0.0139223869017127,113,"United States Exclusive Economic Zone (Alaska)"
-152.125,57.375,0.00254057648376155,113,"United States Exclusive Economic Zone (Alaska)"
-151.875,57.375,0.00513890823604626,113,"United States Exclusive Economic Zone (Alaska)"
-136.625,57.375,0.0225610292389947,225,"United States Exclusive Economic Zone (Alaska)"
-136.375,57.375,0.0255493021081581,225,"United States Exclusive Economic Zone (Alaska)"
-136.125,57.375,0.031188038705248,225,"United States Exclusive Economic Zone (Alaska)"
-135.875,57.375,0.0981564077209129,225,"United States Exclusive Economic Zone (Alaska)"
-135.625,57.375,0.297587401996417,225,"United States Exclusive Economic Zone (Alaska)"
-134.625,57.375,0.270931181473598,225,"United States Exclusive Economic Zone (Alaska)"
-133.625,57.375,0.571271220126775,225,"United States Exclusive Economic Zone (Alaska)"
-160.875,57.125,0.324734759527119,57,"United States Exclusive Economic Zone (Alaska)"
-160.625,57.125,0.429909701135066,57,"United States Exclusive Economic Zone (Alaska)"
-159.625,57.125,0.543881661950403,57,"United States Exclusive Economic Zone (Alaska)"
-159.375,57.125,0.636652749823863,85,"United States Exclusive Economic Zone (Alaska)"
-159.125,57.125,0.753264837151157,85,"United States Exclusive Economic Zone (Alaska)"
-158.875,57.125,0.912232540986259,85,"United States Exclusive Economic Zone (Alaska)"
-158.625,57.125,1.19772773028946,85,"United States Exclusive Economic Zone (Alaska)"
-156.375,57.125,0.0144179316614943,85,"United States Exclusive Economic Zone (Alaska)"
-156.125,57.125,0.0238403745986946,85,"United States Exclusive Economic Zone (Alaska)"
-155.875,57.125,0.0512786835491571,85,"United States Exclusive Economic Zone (Alaska)"
-155.625,57.125,0.0805011015993491,85,"United States Exclusive Economic Zone (Alaska)"
-155.375,57.125,0.0654736901822913,85,"United States Exclusive Economic Zone (Alaska)"
-155.125,57.125,0.0254054685309918,113,"United States Exclusive Economic Zone (Alaska)"
-154.875,57.125,0.000887981438416245,113,"United States Exclusive Economic Zone (Alaska)"
-154.625,57.125,0.0203654158784118,113,"United States Exclusive Economic Zone (Alaska)"
-154.375,57.125,0.142821828005345,113,"United States Exclusive Economic Zone (Alaska)"
-154.125,57.125,0.291662312330416,113,"United States Exclusive Economic Zone (Alaska)"
-153.375,57.125,0.0372800893428939,113,"United States Exclusive Economic Zone (Alaska)"
-152.875,57.125,0.112303778824082,113,"United States Exclusive Economic Zone (Alaska)"
-152.625,57.125,0.0142292185853904,113,"United States Exclusive Economic Zone (Alaska)"
-152.375,57.125,0.00191599058733106,113,"United States Exclusive Economic Zone (Alaska)"
-152.125,57.125,0.0279009547257863,113,"United States Exclusive Economic Zone (Alaska)"
-151.875,57.125,0.0102792254142723,113,"United States Exclusive Economic Zone (Alaska)"
-136.125,57.125,0.035108481479855,225,"United States Exclusive Economic Zone (Alaska)"
-135.875,57.125,0.0989697747747393,225,"United States Exclusive Economic Zone (Alaska)"
-134.625,57.125,0.247762970230755,225,"United States Exclusive Economic Zone (Alaska)"
-134.375,57.125,0.153620500957582,225,"United States Exclusive Economic Zone (Alaska)"
-134.125,57.125,0.966316664661186,225,"United States Exclusive Economic Zone (Alaska)"
-133.875,57.125,1.22442663475487,225,"United States Exclusive Economic Zone (Alaska)"
-133.625,57.125,0.909438629923154,225,"United States Exclusive Economic Zone (Alaska)"
-133.375,57.125,0.691954075700674,253,"United States Exclusive Economic Zone (Alaska)"
-159.875,56.875,0.59533515749568,57,"United States Exclusive Economic Zone (Alaska)"
-159.625,56.875,0.77068760184588,57,"United States Exclusive Economic Zone (Alaska)"
-159.375,56.875,1.14972547526457,57,"United States Exclusive Economic Zone (Alaska)"
-159.125,56.875,1.29562403644253,85,"United States Exclusive Economic Zone (Alaska)"
-158.875,56.875,1.02554394083994,85,"United States Exclusive Economic Zone (Alaska)"
-156.875,56.875,0.011407868004007,85,"United States Exclusive Economic Zone (Alaska)"
-156.625,56.875,0.0264385606101626,85,"United States Exclusive Economic Zone (Alaska)"
-156.375,56.875,0.031261767813536,85,"United States Exclusive Economic Zone (Alaska)"
-156.125,56.875,0.0224561641678507,85,"United States Exclusive Economic Zone (Alaska)"
-155.875,56.875,0.0705236947734248,85,"United States Exclusive Economic Zone (Alaska)"
-155.625,56.875,0.0472337366945446,85,"United States Exclusive Economic Zone (Alaska)"
-155.375,56.875,0.0717701052103257,85,"United States Exclusive Economic Zone (Alaska)"
-155.125,56.875,0.0180670835822687,85,"United States Exclusive Economic Zone (Alaska)"
-154.875,56.875,0.0386866078007304,113,"United States Exclusive Economic Zone (Alaska)"
-154.625,56.875,0.118350646181733,113,"United States Exclusive Economic Zone (Alaska)"
-154.375,56.875,0.306175787207444,113,"United States Exclusive Economic Zone (Alaska)"
-154.125,56.875,0.339352708675005,113,"United States Exclusive Economic Zone (Alaska)"
-153.625,56.875,0.0611886660710148,113,"United States Exclusive Economic Zone (Alaska)"
-153.375,56.875,0.17612967085775,113,"United States Exclusive Economic Zone (Alaska)"
-153.125,56.875,0.137464538043438,113,"United States Exclusive Economic Zone (Alaska)"
-152.875,56.875,0.0545456389244608,113,"United States Exclusive Economic Zone (Alaska)"
-152.625,56.875,0.00886301396904964,113,"United States Exclusive Economic Zone (Alaska)"
-152.375,56.875,0.0779404804788056,113,"United States Exclusive Economic Zone (Alaska)"
-152.125,56.875,0.0350701503572974,113,"United States Exclusive Economic Zone (Alaska)"
-151.875,56.875,0.0648559922910683,113,"United States Exclusive Economic Zone (Alaska)"
-151.625,56.875,0.0387386828011855,113,"United States Exclusive Economic Zone (Alaska)"
-136.125,56.875,0.0312244269833539,225,"United States Exclusive Economic Zone (Alaska)"
-135.875,56.875,0.125637008597092,225,"United States Exclusive Economic Zone (Alaska)"
-135.625,56.875,0.37915592076251,225,"United States Exclusive Economic Zone (Alaska)"
-134.625,56.875,0.203629480532162,225,"United States Exclusive Economic Zone (Alaska)"
-134.375,56.875,0.284283854430439,225,"United States Exclusive Economic Zone (Alaska)"
-132.875,56.875,0.237335365609874,253,"United States Exclusive Economic Zone (Alaska)"
-160.125,56.625,0.83857842649653,57,"United States Exclusive Economic Zone (Alaska)"
-159.875,56.625,1.03326636763003,57,"United States Exclusive Economic Zone (Alaska)"
-159.625,56.625,1.12577401651671,57,"United States Exclusive Economic Zone (Alaska)"
-157.875,56.625,0.0261213400229995,85,"United States Exclusive Economic Zone (Alaska)"
-157.375,56.625,0.0292410964569608,85,"United States Exclusive Economic Zone (Alaska)"
-157.125,56.625,0.0218241748441824,85,"United States Exclusive Economic Zone (Alaska)"
-156.875,56.625,0.0373278387752384,85,"United States Exclusive Economic Zone (Alaska)"
-156.625,56.625,0.0303206773833803,85,"United States Exclusive Economic Zone (Alaska)"
-156.375,56.625,0.0481815484730442,85,"United States Exclusive Economic Zone (Alaska)"
-155.625,56.625,0.0350031991274683,85,"United States Exclusive Economic Zone (Alaska)"
-155.375,56.625,0.0568015655657932,85,"United States Exclusive Economic Zone (Alaska)"
-155.125,56.625,0.00485717152094576,85,"United States Exclusive Economic Zone (Alaska)"
-154.875,56.625,0.0777574878970526,113,"United States Exclusive Economic Zone (Alaska)"
-154.625,56.625,0.286138771608431,113,"United States Exclusive Economic Zone (Alaska)"
-154.375,56.625,0.466816316917362,113,"United States Exclusive Economic Zone (Alaska)"
-154.125,56.625,0.287979496202526,113,"United States Exclusive Economic Zone (Alaska)"
-153.875,56.625,0.128486517176726,113,"United States Exclusive Economic Zone (Alaska)"
-153.625,56.625,0.195685520088409,113,"United States Exclusive Economic Zone (Alaska)"
-153.375,56.625,0.0515125339531012,113,"United States Exclusive Economic Zone (Alaska)"
-153.125,56.625,0.0575058026240697,113,"United States Exclusive Economic Zone (Alaska)"
-152.875,56.625,0.0176815658216164,113,"United States Exclusive Economic Zone (Alaska)"
-152.625,56.625,0.0805412338512072,113,"United States Exclusive Economic Zone (Alaska)"
-152.375,56.625,0.0765015895516829,113,"United States Exclusive Economic Zone (Alaska)"
-152.125,56.625,0.114262811966637,113,"United States Exclusive Economic Zone (Alaska)"
-151.875,56.625,0.165203849080974,113,"United States Exclusive Economic Zone (Alaska)"
-151.625,56.625,0.181601358989462,113,"United States Exclusive Economic Zone (Alaska)"
-135.875,56.625,0.0640547353002198,225,"United States Exclusive Economic Zone (Alaska)"
-135.625,56.625,0.129591105457615,225,"United States Exclusive Economic Zone (Alaska)"
-135.375,56.625,0.288994975371742,225,"United States Exclusive Economic Zone (Alaska)"
-134.625,56.625,0.016674314796023,225,"United States Exclusive Economic Zone (Alaska)"
-134.375,56.625,0.0109415955608162,225,"United States Exclusive Economic Zone (Alaska)"
-132.875,56.625,0.115092232218007,253,NA
-132.375,56.625,0.0710361752448814,253,"United States Exclusive Economic Zone (Alaska)"
-158.375,56.375,0.0600784148018027,85,"United States Exclusive Economic Zone (Alaska)"
-158.125,56.375,0.0143039407986645,85,"United States Exclusive Economic Zone (Alaska)"
-157.875,56.375,0.000355165744894861,85,"United States Exclusive Economic Zone (Alaska)"
-157.625,56.375,0.00839868132191113,85,"United States Exclusive Economic Zone (Alaska)"
-157.375,56.375,0.00364250453477746,85,"United States Exclusive Economic Zone (Alaska)"
-157.125,56.375,0.0245072288701964,85,"United States Exclusive Economic Zone (Alaska)"
-156.875,56.375,0.0139644576810097,85,"United States Exclusive Economic Zone (Alaska)"
-156.625,56.375,0.0367299010210513,85,"United States Exclusive Economic Zone (Alaska)"
-156.375,56.375,0.0132724355379463,85,"United States Exclusive Economic Zone (Alaska)"
-155.875,56.375,0.0227147101307773,85,"United States Exclusive Economic Zone (Alaska)"
-155.625,56.375,0.102860131804797,85,"United States Exclusive Economic Zone (Alaska)"
-155.375,56.375,0.154864128532424,85,"United States Exclusive Economic Zone (Alaska)"
-155.125,56.375,0.0481375336519588,112,"United States Exclusive Economic Zone (Alaska)"
-154.875,56.375,0.184911918100623,112,"United States Exclusive Economic Zone (Alaska)"
-154.625,56.375,0.0723124387710198,113,"United States Exclusive Economic Zone (Alaska)"
-154.375,56.375,0.0487775883954147,113,"United States Exclusive Economic Zone (Alaska)"
-154.125,56.375,0.0678196979002216,113,"United States Exclusive Economic Zone (Alaska)"
-153.875,56.375,0.0481294138339353,113,"United States Exclusive Economic Zone (Alaska)"
-153.625,56.375,0.042720012982241,113,"United States Exclusive Economic Zone (Alaska)"
-153.375,56.375,0.0207157093211367,113,"United States Exclusive Economic Zone (Alaska)"
-153.125,56.375,0.0910608543089113,113,"United States Exclusive Economic Zone (Alaska)"
-152.875,56.375,0.0726321704898059,113,"United States Exclusive Economic Zone (Alaska)"
-152.625,56.375,0.153109061987683,113,"United States Exclusive Economic Zone (Alaska)"
-152.375,56.375,0.244537816651924,113,"United States Exclusive Economic Zone (Alaska)"
-152.125,56.375,0.263953702924945,113,"United States Exclusive Economic Zone (Alaska)"
-151.875,56.375,0.257786748222441,113,"United States Exclusive Economic Zone (Alaska)"
-135.625,56.375,0.0807595772091349,225,"United States Exclusive Economic Zone (Alaska)"
-135.375,56.375,0.0814952006417727,225,"United States Exclusive Economic Zone (Alaska)"
-135.125,56.375,0.168429515668577,225,"United States Exclusive Economic Zone (Alaska)"
-134.625,56.375,0.00016803539320406,225,"United States Exclusive Economic Zone (Alaska)"
-134.375,56.375,0.00919226658544033,225,"United States Exclusive Economic Zone (Alaska)"
-134.125,56.375,0.00436882923573577,225,NA
-133.875,56.375,0.0357642383633826,253,"United States Exclusive Economic Zone (Alaska)"
-133.625,56.375,0.0457298040395517,253,"United States Exclusive Economic Zone (Alaska)"
-133.375,56.375,0.135934253879255,253,"United States Exclusive Economic Zone (Alaska)"
-133.125,56.375,0.174313068506106,253,"United States Exclusive Economic Zone (Alaska)"
-132.625,56.375,0.136193366938755,253,"United States Exclusive Economic Zone (Alaska)"
-132.375,56.375,0.228363737669336,253,"United States Exclusive Economic Zone (Alaska)"
-162.625,56.125,0.458807089953166,57,"United States Exclusive Economic Zone (Alaska)"
-162.375,56.125,0.396294029357892,57,"United States Exclusive Economic Zone (Alaska)"
-162.125,56.125,0.443171794785878,57,"United States Exclusive Economic Zone (Alaska)"
-161.875,56.125,0.434289576180566,57,"United States Exclusive Economic Zone (Alaska)"
-161.625,56.125,0.299311013804526,57,"United States Exclusive Economic Zone (Alaska)"
-161.375,56.125,0.484624269063661,57,"United States Exclusive Economic Zone (Alaska)"
-161.125,56.125,0.614104359713346,57,"United States Exclusive Economic Zone (Alaska)"
-160.875,56.125,0.589163832508428,57,"United States Exclusive Economic Zone (Alaska)"
-160.625,56.125,0.708152000448328,57,"United States Exclusive Economic Zone (Alaska)"
-158.375,56.125,0.0455588882108214,85,"United States Exclusive Economic Zone (Alaska)"
-158.125,56.125,0.0162028717571794,85,"United States Exclusive Economic Zone (Alaska)"
-157.875,56.125,0.00645693215597231,85,"United States Exclusive Economic Zone (Alaska)"
-157.625,56.125,0.010870381326976,85,"United States Exclusive Economic Zone (Alaska)"
-157.375,56.125,0.0592157842767868,85,"United States Exclusive Economic Zone (Alaska)"
-157.125,56.125,0.0443903825117697,85,"United States Exclusive Economic Zone (Alaska)"
-156.875,56.125,0.0555203342954721,85,"United States Exclusive Economic Zone (Alaska)"
-156.625,56.125,0.01993670967629,85,"United States Exclusive Economic Zone (Alaska)"
-156.375,56.125,0.0094813431021618,85,"United States Exclusive Economic Zone (Alaska)"
-156.125,56.125,0.0296278621875491,85,"United States Exclusive Economic Zone (Alaska)"
-155.875,56.125,0.101738578183045,85,"United States Exclusive Economic Zone (Alaska)"
-155.625,56.125,0.0293115264835041,112,"United States Exclusive Economic Zone (Alaska)"
-155.375,56.125,0.0135630058058505,112,"United States Exclusive Economic Zone (Alaska)"
-155.125,56.125,0.0755609750063207,112,"United States Exclusive Economic Zone (Alaska)"
-154.875,56.125,0.102744768568184,112,"United States Exclusive Economic Zone (Alaska)"
-154.625,56.125,0.0287537352105792,112,"United States Exclusive Economic Zone (Alaska)"
-154.375,56.125,0.053434280032986,112,"United States Exclusive Economic Zone (Alaska)"
-154.125,56.125,0.027238993732962,112,"United States Exclusive Economic Zone (Alaska)"
-153.875,56.125,0.0198216817179286,113,"United States Exclusive Economic Zone (Alaska)"
-153.625,56.125,0.0956958932866975,113,"United States Exclusive Economic Zone (Alaska)"
-153.375,56.125,0.0571659712313153,113,"United States Exclusive Economic Zone (Alaska)"
-153.125,56.125,0.116846217769089,113,"United States Exclusive Economic Zone (Alaska)"
-152.875,56.125,0.244936817344477,113,"United States Exclusive Economic Zone (Alaska)"
-152.625,56.125,0.299369900259272,113,"United States Exclusive Economic Zone (Alaska)"
-135.125,56.125,0.0432395324350845,225,"United States Exclusive Economic Zone (Alaska)"
-134.875,56.125,0.139041151552852,225,"United States Exclusive Economic Zone (Alaska)"
-134.625,56.125,0.0126409240723382,225,"United States Exclusive Economic Zone (Alaska)"
-134.375,56.125,0.0105418007390256,225,"United States Exclusive Economic Zone (Alaska)"
-133.875,56.125,0.0115743447676931,253,"United States Exclusive Economic Zone (Alaska)"
-132.875,56.125,0.479353017720201,253,"United States Exclusive Economic Zone (Alaska)"
-132.125,56.125,0.116790777918401,253,"United States Exclusive Economic Zone (Alaska)"
-162.875,55.875,0.0211604379084323,57,"United States Exclusive Economic Zone (Alaska)"
-162.625,55.875,0.0257361955440548,57,"United States Exclusive Economic Zone (Alaska)"
-162.375,55.875,0.012518360901245,57,"United States Exclusive Economic Zone (Alaska)"
-162.125,55.875,0.0999470143824498,57,"United States Exclusive Economic Zone (Alaska)"
-161.875,55.875,0.295662521176419,57,"United States Exclusive Economic Zone (Alaska)"
-160.875,55.875,0.986578666991508,57,"United States Exclusive Economic Zone (Alaska)"
-160.625,55.875,1.04435853863604,57,"United States Exclusive Economic Zone (Alaska)"
-160.375,55.875,0.423022133112613,57,"United States Exclusive Economic Zone (Alaska)"
-159.125,55.875,0.0567315779858756,84,"United States Exclusive Economic Zone (Alaska)"
-158.875,55.875,0.0629571566447128,84,"United States Exclusive Economic Zone (Alaska)"
-158.625,55.875,0.0167699417005296,84,"United States Exclusive Economic Zone (Alaska)"
-158.375,55.875,0.00306253093974496,84,"United States Exclusive Economic Zone (Alaska)"
-158.125,55.875,0.00639691454189573,84,"United States Exclusive Economic Zone (Alaska)"
-157.875,55.875,0.0259334949334354,85,"United States Exclusive Economic Zone (Alaska)"
-157.625,55.875,0.0463082918850718,85,"United States Exclusive Economic Zone (Alaska)"
-157.375,55.875,0.0485784452408166,85,"United States Exclusive Economic Zone (Alaska)"
-157.125,55.875,0.0444605556285428,85,"United States Exclusive Economic Zone (Alaska)"
-156.875,55.875,0.0763615680653979,85,"United States Exclusive Economic Zone (Alaska)"
-156.625,55.875,0.0461471161690602,85,"United States Exclusive Economic Zone (Alaska)"
-156.375,55.875,0.0136382593530759,85,"United States Exclusive Economic Zone (Alaska)"
-156.125,55.875,0.000349453038313764,85,"United States Exclusive Economic Zone (Alaska)"
-155.875,55.875,0.0132665287940329,112,"United States Exclusive Economic Zone (Alaska)"
-155.375,55.875,0.0646635950017434,112,"United States Exclusive Economic Zone (Alaska)"
-155.125,55.875,0.0330788467546998,112,"United States Exclusive Economic Zone (Alaska)"
-154.875,55.875,0.0229311623136822,112,"United States Exclusive Economic Zone (Alaska)"
-154.625,55.875,0.123612508838299,112,"United States Exclusive Economic Zone (Alaska)"
-154.375,55.875,0.10405367063889,112,"United States Exclusive Economic Zone (Alaska)"
-154.125,55.875,0.170628308485895,112,"United States Exclusive Economic Zone (Alaska)"
-153.875,55.875,0.241519022780057,112,"United States Exclusive Economic Zone (Alaska)"
-153.625,55.875,0.255849940565185,112,"United States Exclusive Economic Zone (Alaska)"
-153.375,55.875,0.260732839916657,112,"United States Exclusive Economic Zone (Alaska)"
-153.125,55.875,0.262580160907634,113,"United States Exclusive Economic Zone (Alaska)"
-152.875,55.875,0.284095766403786,113,"United States Exclusive Economic Zone (Alaska)"
-135.125,55.875,0.0164468347741572,225,"United States Exclusive Economic Zone (Alaska)"
-134.875,55.875,0.0124809858749447,225,"United States Exclusive Economic Zone (Alaska)"
-134.625,55.875,0.00404286496017272,252,"United States Exclusive Economic Zone (Alaska)"
-134.375,55.875,0.0135482760775976,252,"United States Exclusive Economic Zone (Alaska)"
-134.125,55.875,0.0533786327073497,252,"United States Exclusive Economic Zone (Alaska)"
-133.625,55.875,0.677164422373946,253,"United States Exclusive Economic Zone (Alaska)"
-133.375,55.875,0.669755897046321,253,"United States Exclusive Economic Zone (Alaska)"
-132.125,55.875,0.0883604924773772,253,"United States Exclusive Economic Zone (Alaska)"
-163.125,55.625,0.00893220342013366,56,"United States Exclusive Economic Zone (Alaska)"
-162.875,55.625,0.0722973872494464,56,"United States Exclusive Economic Zone (Alaska)"
-162.625,55.625,0.112748051088526,57,"United States Exclusive Economic Zone (Alaska)"
-162.375,55.625,0.113052321848338,57,"United States Exclusive Economic Zone (Alaska)"
-160.375,55.625,0.120181445788662,84,"United States Exclusive Economic Zone (Alaska)"
-160.125,55.625,0.142480305638693,84,"United States Exclusive Economic Zone (Alaska)"
-159.375,55.625,0.0113629094046048,84,"United States Exclusive Economic Zone (Alaska)"
-159.125,55.625,0.000300863007627193,84,"United States Exclusive Economic Zone (Alaska)"
-158.875,55.625,0.0173022227210996,84,"United States Exclusive Economic Zone (Alaska)"
-158.625,55.625,0.0280854381190118,84,"United States Exclusive Economic Zone (Alaska)"
-158.375,55.625,0.0968743527919879,84,"United States Exclusive Economic Zone (Alaska)"
-158.125,55.625,0.0343326351743275,84,"United States Exclusive Economic Zone (Alaska)"
-157.875,55.625,0.0655524561439798,84,"United States Exclusive Economic Zone (Alaska)"
-157.625,55.625,0.0479783653954216,84,"United States Exclusive Economic Zone (Alaska)"
-157.375,55.625,0.0292321328633261,84,"United States Exclusive Economic Zone (Alaska)"
-157.125,55.625,0.0183339487291592,85,"United States Exclusive Economic Zone (Alaska)"
-156.875,55.625,0.00207604515242194,85,"United States Exclusive Economic Zone (Alaska)"
-156.625,55.625,0.00515551979773724,85,"United States Exclusive Economic Zone (Alaska)"
-156.375,55.625,0.00379180083463228,112,"United States Exclusive Economic Zone (Alaska)"
-155.875,55.625,0.0254719473741387,112,"United States Exclusive Economic Zone (Alaska)"
-155.625,55.625,0.0269767774804093,112,"United States Exclusive Economic Zone (Alaska)"
-155.375,55.625,0.0206222367925288,112,"United States Exclusive Economic Zone (Alaska)"
-155.125,55.625,0.0949754994260448,112,"United States Exclusive Economic Zone (Alaska)"
-134.875,55.625,0.0143990484263029,252,"United States Exclusive Economic Zone (Alaska)"
-134.625,55.625,0.0123402076290392,252,"United States Exclusive Economic Zone (Alaska)"
-134.375,55.625,0.0023987154051399,252,"United States Exclusive Economic Zone (Alaska)"
-134.125,55.625,0.000508525309456544,252,"United States Exclusive Economic Zone (Alaska)"
-133.875,55.625,0.054295306062737,252,"United States Exclusive Economic Zone (Alaska)"
-133.625,55.625,0.626886621155106,252,"United States Exclusive Economic Zone (Alaska)"
-131.875,55.625,0.115497653245841,253,"United States Exclusive Economic Zone (Alaska)"
-164.375,55.375,0.000812208324726417,56,"United States Exclusive Economic Zone (Alaska)"
-164.125,55.375,0.00484528393127027,56,"United States Exclusive Economic Zone (Alaska)"
-163.375,55.375,0.0296731099956529,56,"United States Exclusive Economic Zone (Alaska)"
-163.125,55.375,0.117970215297005,56,"United States Exclusive Economic Zone (Alaska)"
-162.875,55.375,0.409688261973931,56,"United States Exclusive Economic Zone (Alaska)"
-162.625,55.375,0.494166629344491,56,"United States Exclusive Economic Zone (Alaska)"
-161.625,55.375,0.152920636287492,57,"United States Exclusive Economic Zone (Alaska)"
-161.375,55.375,0.132544812828434,84,"United States Exclusive Economic Zone (Alaska)"
-161.125,55.375,0.182936926360995,84,"United States Exclusive Economic Zone (Alaska)"
-160.875,55.375,0.509438670822042,84,"United States Exclusive Economic Zone (Alaska)"
-160.625,55.375,0.295372418998412,84,"United States Exclusive Economic Zone (Alaska)"
-160.375,55.375,0.0683599663836795,84,"United States Exclusive Economic Zone (Alaska)"
-159.625,55.375,0.00121409973924508,84,"United States Exclusive Economic Zone (Alaska)"
-159.375,55.375,0.00348529701433813,84,"United States Exclusive Economic Zone (Alaska)"
-159.125,55.375,0.0006931305568425,84,"United States Exclusive Economic Zone (Alaska)"
-158.875,55.375,0.0161829399284837,84,"United States Exclusive Economic Zone (Alaska)"
-158.625,55.375,0.0472767991323849,84,"United States Exclusive Economic Zone (Alaska)"
-158.375,55.375,0.0635220461682412,84,"United States Exclusive Economic Zone (Alaska)"
-158.125,55.375,0.0770535846388182,84,"United States Exclusive Economic Zone (Alaska)"
-157.875,55.375,0.0496672510507175,84,"United States Exclusive Economic Zone (Alaska)"
-157.625,55.375,0.0151041868207527,84,"United States Exclusive Economic Zone (Alaska)"
-157.375,55.375,0.00452952398115943,84,"United States Exclusive Economic Zone (Alaska)"
-157.125,55.375,0.000273299035412943,84,"United States Exclusive Economic Zone (Alaska)"
-156.875,55.375,0.0141279129354388,84,"United States Exclusive Economic Zone (Alaska)"
-156.625,55.375,0.0108788041723792,112,"United States Exclusive Economic Zone (Alaska)"
-156.375,55.375,0.0272479417395906,112,"United States Exclusive Economic Zone (Alaska)"
-155.625,55.375,0.151853685549445,112,"United States Exclusive Economic Zone (Alaska)"
-155.375,55.375,0.222581496906714,112,"United States Exclusive Economic Zone (Alaska)"
-134.625,55.375,0.00261832240347794,252,"United States Exclusive Economic Zone (Alaska)"
-134.375,55.375,0.00136203938278143,252,"United States Exclusive Economic Zone (Alaska)"
-134.125,55.375,0.0207474002087839,252,"United States Exclusive Economic Zone (Alaska)"
-133.875,55.375,0.00989115704080922,252,"United States Exclusive Economic Zone (Alaska)"
-133.375,55.375,0.0634194820824669,252,"United States Exclusive Economic Zone (Alaska)"
-132.375,55.375,0.0413342399205205,253,"United States Exclusive Economic Zone (Alaska)"
-132.125,55.375,0.0478127099168421,253,"United States Exclusive Economic Zone (Alaska)"
-131.375,55.375,0.00235565763085504,253,"United States Exclusive Economic Zone (Alaska)"
-164.625,55.125,0.0276114128139467,56,"United States Exclusive Economic Zone (Alaska)"
-164.375,55.125,0.00449279691709703,56,"United States Exclusive Economic Zone (Alaska)"
-164.125,55.125,0.0176212929234574,56,"United States Exclusive Economic Zone (Alaska)"
-163.875,55.125,0.0313799803422989,56,"United States Exclusive Economic Zone (Alaska)"
-163.625,55.125,0.0334003465352346,56,"United States Exclusive Economic Zone (Alaska)"
-163.375,55.125,0.201353648707547,56,"United States Exclusive Economic Zone (Alaska)"
-162.625,55.125,0.2797643567239,56,"United States Exclusive Economic Zone (Alaska)"
-162.125,55.125,0.617185875503725,56,"United States Exclusive Economic Zone (Alaska)"
-161.875,55.125,0.355473005841082,56,"United States Exclusive Economic Zone (Alaska)"
-161.625,55.125,0.195593836555694,84,"United States Exclusive Economic Zone (Alaska)"
-161.375,55.125,0.39490430110347,84,"United States Exclusive Economic Zone (Alaska)"
-161.125,55.125,0.32448065271906,84,"United States Exclusive Economic Zone (Alaska)"
-160.875,55.125,0.0106038551168655,84,"United States Exclusive Economic Zone (Alaska)"
-160.625,55.125,0.0027269388096905,84,"United States Exclusive Economic Zone (Alaska)"
-160.375,55.125,0.00633544504934556,84,"United States Exclusive Economic Zone (Alaska)"
-160.125,55.125,0.016711658622501,84,"United States Exclusive Economic Zone (Alaska)"
-159.375,55.125,0.0126168796701827,84,"United States Exclusive Economic Zone (Alaska)"
-159.125,55.125,0.028460077666187,84,"United States Exclusive Economic Zone (Alaska)"
-158.875,55.125,0.0147853803389057,84,"United States Exclusive Economic Zone (Alaska)"
-158.625,55.125,0.0223439248115433,84,"United States Exclusive Economic Zone (Alaska)"
-158.375,55.125,0.0695152406421168,84,"United States Exclusive Economic Zone (Alaska)"
-157.875,55.125,0.00109801009919257,84,"United States Exclusive Economic Zone (Alaska)"
-157.625,55.125,0.00411287558535206,84,"United States Exclusive Economic Zone (Alaska)"
-156.875,55.125,0.0209437471545887,112,"United States Exclusive Economic Zone (Alaska)"
-156.625,55.125,0.0257194778833999,112,"United States Exclusive Economic Zone (Alaska)"
-134.125,55.125,0.000114388367346758,252,"United States Exclusive Economic Zone (Alaska)"
-133.875,55.125,5.47661956586363e-05,252,"United States Exclusive Economic Zone (Alaska)"
-133.625,55.125,0.137499493676407,252,"United States Exclusive Economic Zone (Alaska)"
-133.375,55.125,0.00464502217731732,252,"United States Exclusive Economic Zone (Alaska)"
-133.125,55.125,0.00512342346009234,252,"United States Exclusive Economic Zone (Alaska)"
-132.875,55.125,0.0690663489447596,252,"United States Exclusive Economic Zone (Alaska)"
-132.625,55.125,0.0987600362084955,252,"United States Exclusive Economic Zone (Alaska)"
-131.875,55.125,0.134535457191377,253,"United States Exclusive Economic Zone (Alaska)"
-131.625,55.125,0.0270910231856104,280,"United States Exclusive Economic Zone (Alaska)"
-131.125,55.125,1.03088487364281,280,"United States Exclusive Economic Zone (Alaska)"
-164.875,54.875,0.0269561432801709,56,"United States Exclusive Economic Zone (Alaska)"
-164.625,54.875,0.042675194025042,56,"United States Exclusive Economic Zone (Alaska)"
-163.375,54.875,0.150286737127229,56,"United States Exclusive Economic Zone (Alaska)"
-163.125,54.875,0.0840315278274368,56,"United States Exclusive Economic Zone (Alaska)"
-162.875,54.875,0.0601585840794449,56,"United States Exclusive Economic Zone (Alaska)"
-162.625,54.875,0.300915667853181,56,"United States Exclusive Economic Zone (Alaska)"
-162.125,54.875,0.790553002243721,56,"United States Exclusive Economic Zone (Alaska)"
-161.875,54.875,0.46990166960843,56,"United States Exclusive Economic Zone (Alaska)"
-161.625,54.875,0.429663736177656,84,"United States Exclusive Economic Zone (Alaska)"
-161.375,54.875,0.0820120363587857,84,"United States Exclusive Economic Zone (Alaska)"
-161.125,54.875,0.0123197764126361,84,"United States Exclusive Economic Zone (Alaska)"
-160.875,54.875,0.0186149904478928,84,"United States Exclusive Economic Zone (Alaska)"
-160.625,54.875,0.0142524839489944,84,"United States Exclusive Economic Zone (Alaska)"
-160.375,54.875,0.00881053640316264,84,"United States Exclusive Economic Zone (Alaska)"
-160.125,54.875,0.00596997221073229,84,"United States Exclusive Economic Zone (Alaska)"
-159.875,54.875,0.00541901848751062,84,"United States Exclusive Economic Zone (Alaska)"
-159.625,54.875,0.0255546169731404,84,"United States Exclusive Economic Zone (Alaska)"
-159.375,54.875,0.0386572695934432,84,"United States Exclusive Economic Zone (Alaska)"
-159.125,54.875,0.046896090904676,84,"United States Exclusive Economic Zone (Alaska)"
-158.875,54.875,0.0409961311888522,84,"United States Exclusive Economic Zone (Alaska)"
-158.625,54.875,0.0345707463242847,84,"United States Exclusive Economic Zone (Alaska)"
-158.375,54.875,0.0249546856308771,84,"United States Exclusive Economic Zone (Alaska)"
-134.125,54.875,0.01077904360816,252,"United States Exclusive Economic Zone (Alaska)"
-133.875,54.875,0.00639029458395891,252,"United States Exclusive Economic Zone (Alaska)"
-133.625,54.875,2.87907428370315e-05,252,"United States Exclusive Economic Zone (Alaska)"
-133.375,54.875,0.0395647233772477,252,"United States Exclusive Economic Zone (Alaska)"
-133.125,54.875,0.102278125335117,252,"United States Exclusive Economic Zone (Alaska)"
-132.375,54.875,0.0377303698532076,280,"United States Exclusive Economic Zone (Alaska)"
-131.875,54.875,0.0296046924134587,280,"United States Exclusive Economic Zone (Alaska)"
-131.625,54.875,0.0482538389836131,280,"United States Exclusive Economic Zone (Alaska)"
-131.125,54.875,0.57786538547494,280,"United States Exclusive Economic Zone (Alaska)"
-165.625,54.625,0.00236713887532385,56,"United States Exclusive Economic Zone (Alaska)"
-165.375,54.625,0.00675694596927611,56,"United States Exclusive Economic Zone (Alaska)"
-165.125,54.625,0.0114976116845358,56,"United States Exclusive Economic Zone (Alaska)"
-164.875,54.625,0.0167868653415171,56,"United States Exclusive Economic Zone (Alaska)"
-163.875,54.625,0.0505727480058058,56,"United States Exclusive Economic Zone (Alaska)"
-163.375,54.625,0.0899877031049308,56,"United States Exclusive Economic Zone (Alaska)"
-163.125,54.625,0.139825704905906,56,"United States Exclusive Economic Zone (Alaska)"
-162.875,54.625,0.131272273588885,56,"United States Exclusive Economic Zone (Alaska)"
-162.625,54.625,0.106588186969167,56,"United States Exclusive Economic Zone (Alaska)"
-162.375,54.625,0.0774551169239032,56,NA
-162.125,54.625,0.315363690204709,56,"United States Exclusive Economic Zone (Alaska)"
-161.875,54.625,0.051235859137117,56,"United States Exclusive Economic Zone (Alaska)"
-161.625,54.625,0.0227902183270664,84,"United States Exclusive Economic Zone (Alaska)"
-161.375,54.625,0.0119246614438373,84,"United States Exclusive Economic Zone (Alaska)"
-161.125,54.625,0.00413156469336228,84,"United States Exclusive Economic Zone (Alaska)"
-160.875,54.625,0.0019252820289473,84,"United States Exclusive Economic Zone (Alaska)"
-160.625,54.625,0.019788515488511,84,"United States Exclusive Economic Zone (Alaska)"
-160.375,54.625,0.0261720106166916,84,"United States Exclusive Economic Zone (Alaska)"
-160.125,54.625,0.0152051246338641,84,"United States Exclusive Economic Zone (Alaska)"
-159.875,54.625,0.00751146755211735,84,"United States Exclusive Economic Zone (Alaska)"
-159.625,54.625,0.00990308616895129,84,"United States Exclusive Economic Zone (Alaska)"
-159.375,54.625,0.037903421545654,84,"United States Exclusive Economic Zone (Alaska)"
-159.125,54.625,0.0310504341782584,84,"United States Exclusive Economic Zone (Alaska)"
-158.875,54.625,0.0233959810302849,84,"United States Exclusive Economic Zone (Alaska)"
-158.625,54.625,0.0168915842253746,84,"United States Exclusive Economic Zone (Alaska)"
-133.875,54.625,0.00444705607696792,252,"United States Exclusive Economic Zone (Alaska)"
-133.625,54.625,0.00888998200757816,252,"United States Exclusive Economic Zone (Alaska)"
-133.375,54.625,0.00100208535554608,252,"United States Exclusive Economic Zone (Alaska)"
-133.125,54.625,0.0235381385387301,252,"United States Exclusive Economic Zone (Alaska)"
-132.875,54.625,0.0552918009798336,252,"United States Exclusive Economic Zone (Alaska)"
-132.625,54.625,0.0555983925642042,252,"United States Exclusive Economic Zone (Alaska)"
-132.375,54.625,0.0429346363753388,280,"United States Exclusive Economic Zone (Alaska)"
-132.125,54.625,0.0215840602570403,280,"United States Exclusive Economic Zone (Alaska)"
-131.875,54.625,0.0188820487264233,280,"United States Exclusive Economic Zone (Alaska)"
-131.625,54.625,0.0725639608700941,280,"United States Exclusive Economic Zone (Alaska)"
-131.375,54.625,0.00641991785636011,280,"Canadian Exclusive Economic Zone"
-131.125,54.625,0.461552406253511,280,"Canadian Exclusive Economic Zone"
-130.875,54.625,0.0423945280342067,280,"Canadian Exclusive Economic Zone"
-130.625,54.625,0.469780332742009,280,"Canadian Exclusive Economic Zone"
-165.875,54.375,0.0156004743365454,56,"United States Exclusive Economic Zone (Alaska)"
-165.625,54.375,0.000449513052460109,56,"United States Exclusive Economic Zone (Alaska)"
-165.375,54.375,0.00641247582372919,56,"United States Exclusive Economic Zone (Alaska)"
-165.125,54.375,0.0755658250292063,56,"United States Exclusive Economic Zone (Alaska)"
-164.875,54.375,0.127563262613522,56,"United States Exclusive Economic Zone (Alaska)"
-164.625,54.375,0.0522919293479954,56,"United States Exclusive Economic Zone (Alaska)"
-164.375,54.375,0.057624484905766,56,"United States Exclusive Economic Zone (Alaska)"
-164.125,54.375,0.0547006542475355,56,"United States Exclusive Economic Zone (Alaska)"
-163.875,54.375,0.0375107227760268,56,"United States Exclusive Economic Zone (Alaska)"
-163.625,54.375,0.00341583379440148,56,"United States Exclusive Economic Zone (Alaska)"
-163.375,54.375,0.0037981157175755,56,"United States Exclusive Economic Zone (Alaska)"
-163.125,54.375,0.00326057571794368,56,"United States Exclusive Economic Zone (Alaska)"
-162.875,54.375,0.00178054320793984,56,"United States Exclusive Economic Zone (Alaska)"
-162.375,54.375,0.0127263089892993,56,"United States Exclusive Economic Zone (Alaska)"
-162.125,54.375,0.00764518836874814,56,"United States Exclusive Economic Zone (Alaska)"
-161.875,54.375,0.00444338690643561,56,"United States Exclusive Economic Zone (Alaska)"
-161.625,54.375,0.0048962576323668,84,"United States Exclusive Economic Zone (Alaska)"
-161.375,54.375,0.0211504826408209,84,"United States Exclusive Economic Zone (Alaska)"
-161.125,54.375,0.0244636384779994,84,"United States Exclusive Economic Zone (Alaska)"
-160.875,54.375,0.00303205723638992,84,"United States Exclusive Economic Zone (Alaska)"
-160.625,54.375,0.000235893692844307,84,"United States Exclusive Economic Zone (Alaska)"
-160.375,54.375,0.00724297864976151,84,"United States Exclusive Economic Zone (Alaska)"
-160.125,54.375,0.00140903782443186,84,"United States Exclusive Economic Zone (Alaska)"
-159.875,54.375,0.00194382732504231,84,"United States Exclusive Economic Zone (Alaska)"
-159.625,54.375,0.00425355856009776,84,"United States Exclusive Economic Zone (Alaska)"
-159.375,54.375,0.00722432529674162,84,"United States Exclusive Economic Zone (Alaska)"
-159.125,54.375,0.0122608826845005,84,"United States Exclusive Economic Zone (Alaska)"
-158.875,54.375,0.0113163187614543,84,"United States Exclusive Economic Zone (Alaska)"
-133.625,54.375,0.00257437197796916,252,"Canadian Exclusive Economic Zone"
-133.375,54.375,0.00119554713693992,252,"Canadian Exclusive Economic Zone"
-133.125,54.375,0.0122589563246821,252,"Canadian Exclusive Economic Zone"
-132.875,54.375,0.0155281094206378,252,"Canadian Exclusive Economic Zone"
-132.625,54.375,0.0209344451674474,280,"Canadian Exclusive Economic Zone"
-132.375,54.375,0.0426905166210865,280,"Canadian Exclusive Economic Zone"
-132.125,54.375,0.0501856610663982,280,"Canadian Exclusive Economic Zone"
-131.875,54.375,0.0863381831967902,280,"Canadian Exclusive Economic Zone"
-131.625,54.375,0.0799255859620385,280,"Canadian Exclusive Economic Zone"
-131.375,54.375,0.101402589714869,280,"Canadian Exclusive Economic Zone"
-131.125,54.375,0.23220393340512,280,"Canadian Exclusive Economic Zone"
-130.875,54.375,0.275279974811963,280,"Canadian Exclusive Economic Zone"
-130.625,54.375,0.482658794863187,280,"Canadian Exclusive Economic Zone"
-165.625,54.125,0.0418911149573119,56,"United States Exclusive Economic Zone (Alaska)"
-165.375,54.125,0.15132745549039,56,"United States Exclusive Economic Zone (Alaska)"
-164.875,54.125,0.258068068103883,56,"United States Exclusive Economic Zone (Alaska)"
-164.625,54.125,0.0346087361053823,56,"United States Exclusive Economic Zone (Alaska)"
-164.375,54.125,0.0253359914591576,56,"United States Exclusive Economic Zone (Alaska)"
-164.125,54.125,0.0201924298367311,56,"United States Exclusive Economic Zone (Alaska)"
-163.875,54.125,0.0162682098585389,56,"United States Exclusive Economic Zone (Alaska)"
-163.375,54.125,0.00302365721675782,56,"United States Exclusive Economic Zone (Alaska)"
-163.125,54.125,0.020361079342851,56,"United States Exclusive Economic Zone (Alaska)"
-162.875,54.125,0.0151900999964086,56,"United States Exclusive Economic Zone (Alaska)"
-162.625,54.125,0.0123330969168252,56,"United States Exclusive Economic Zone (Alaska)"
-162.375,54.125,0.0094187627389955,56,"United States Exclusive Economic Zone (Alaska)"
-162.125,54.125,0.00446380806775431,56,"United States Exclusive Economic Zone (Alaska)"
-133.625,54.125,0.00240096873943817,252,"Canadian Exclusive Economic Zone"
-133.375,54.125,0.00895362572030261,252,"Canadian Exclusive Economic Zone"
-133.125,54.125,0.00311822788675417,252,"Canadian Exclusive Economic Zone"
-132.375,54.125,0.00990025592879214,280,"Canadian Exclusive Economic Zone"
-132.125,54.125,0.0957878769973009,280,"Canadian Exclusive Economic Zone"
-131.875,54.125,0.130862207350928,280,"Canadian Exclusive Economic Zone"
-131.625,54.125,0.301606657915251,280,"Canadian Exclusive Economic Zone"
-131.375,54.125,0.069810976695298,280,"Canadian Exclusive Economic Zone"
-131.125,54.125,0.192084053777696,280,"Canadian Exclusive Economic Zone"
-130.875,54.125,0.295622399627054,280,"Canadian Exclusive Economic Zone"
-130.625,54.125,0.256709832613831,280,"Canadian Exclusive Economic Zone"
-130.375,54.125,0.372242516036479,280,"Canadian Exclusive Economic Zone"
-166.625,53.875,0.727523394513629,6616,NA
-165.625,53.875,0.579392248377217,56,"United States Exclusive Economic Zone (Alaska)"
-165.375,53.875,0.34444457274505,56,"United States Exclusive Economic Zone (Alaska)"
-165.125,53.875,0.173675670282863,56,"United States Exclusive Economic Zone (Alaska)"
-164.875,53.875,0.0548414211301031,56,"United States Exclusive Economic Zone (Alaska)"
-164.625,53.875,0.014617931342329,56,"United States Exclusive Economic Zone (Alaska)"
-164.375,53.875,0.0203295754955791,56,"United States Exclusive Economic Zone (Alaska)"
-164.125,53.875,0.0105434606865338,56,"United States Exclusive Economic Zone (Alaska)"
-163.875,53.875,0.00851942744234424,56,"United States Exclusive Economic Zone (Alaska)"
-163.125,53.875,0.000660226926188878,56,"United States Exclusive Economic Zone (Alaska)"
-162.875,53.875,0.0135399895395531,56,"United States Exclusive Economic Zone (Alaska)"
-162.625,53.875,0.0124812936334129,56,"United States Exclusive Economic Zone (Alaska)"
-162.375,53.875,0.0255352019148608,56,"United States Exclusive Economic Zone (Alaska)"
-133.625,53.875,0.00558667802492011,252,"Canadian Exclusive Economic Zone"
-133.375,53.875,0.0256534276382402,252,"Canadian Exclusive Economic Zone"
-131.625,53.875,0.252224729284111,280,"Canadian Exclusive Economic Zone"
-131.375,53.875,0.0496015481877814,280,"Canadian Exclusive Economic Zone"
-131.125,53.875,0.0442696513797772,280,"Canadian Exclusive Economic Zone"
-130.875,53.875,0.0403628151324894,280,"Canadian Exclusive Economic Zone"
-130.625,53.875,0.0769719838867259,280,"Canadian Exclusive Economic Zone"
-166.375,53.625,0.721295070745859,56,"United States Exclusive Economic Zone (Alaska)"
-164.875,53.625,0.00185313810877567,56,"United States Exclusive Economic Zone (Alaska)"
-164.625,53.625,0.000748563827735739,56,"United States Exclusive Economic Zone (Alaska)"
-164.375,53.625,0.00811523073869156,56,"United States Exclusive Economic Zone (Alaska)"
-164.125,53.625,0.0158839545368079,56,"United States Exclusive Economic Zone (Alaska)"
-133.375,53.625,0.0429643974969388,252,"Canadian Exclusive Economic Zone"
-133.125,53.625,0.0456066616370672,252,"Canadian Exclusive Economic Zone"
-132.375,53.625,0.178593810624547,280,"Canadian Exclusive Economic Zone"
-131.875,53.625,0.216474224567857,280,"Canadian Exclusive Economic Zone"
-131.625,53.625,0.0304760409492917,280,"Canadian Exclusive Economic Zone"
-131.375,53.625,0.11328609179762,280,"Canadian Exclusive Economic Zone"
-131.125,53.625,0.0786430163902508,280,"Canadian Exclusive Economic Zone"
-130.875,53.625,0.0162896634799403,280,"Canadian Exclusive Economic Zone"
-130.625,53.625,0.0301641391119964,280,"Canadian Exclusive Economic Zone"
-130.375,53.625,0.0291148783106171,280,"Canadian Exclusive Economic Zone"
-166.625,53.375,0.208119961166639,6643,"United States Exclusive Economic Zone (Alaska)"
-166.375,53.375,0.108077958065649,6643,"United States Exclusive Economic Zone (Alaska)"
-166.125,53.375,0.0095537665683191,6643,"United States Exclusive Economic Zone (Alaska)"
-164.625,53.375,0.0165278745828234,56,"United States Exclusive Economic Zone (Alaska)"
-164.375,53.375,0.0202780937540059,56,"United States Exclusive Economic Zone (Alaska)"
-133.125,53.375,0.00671481348404468,279,"Canadian Exclusive Economic Zone"
-132.875,53.375,0.0539131734134938,280,"Canadian Exclusive Economic Zone"
-132.625,53.375,0.0343966900601046,280,"Canadian Exclusive Economic Zone"
-131.875,53.375,0.502171571089033,280,"Canadian Exclusive Economic Zone"
-131.625,53.375,0.139614782026507,280,"Canadian Exclusive Economic Zone"
-131.375,53.375,0.0012713810653683,280,"Canadian Exclusive Economic Zone"
-131.125,53.375,0.00733729328759765,280,"Canadian Exclusive Economic Zone"
-130.875,53.375,0.00256073615429444,280,"Canadian Exclusive Economic Zone"
-130.625,53.375,0.0282404224255414,280,"Canadian Exclusive Economic Zone"
-130.375,53.375,0.00676566841358713,280,"Canadian Exclusive Economic Zone"
-129.875,53.375,0.0331896162164767,280,"Canadian Exclusive Economic Zone"
-168.375,53.125,1.42457003068972,6616,"United States Exclusive Economic Zone (Alaska)"
-166.375,53.125,0.00136681565863155,6643,"United States Exclusive Economic Zone (Alaska)"
-166.125,53.125,0.00898479039766394,6643,"United States Exclusive Economic Zone (Alaska)"
-132.875,53.125,0.0146225412792846,279,"Canadian Exclusive Economic Zone"
-132.625,53.125,0.007401503584397,279,"Canadian Exclusive Economic Zone"
-131.625,53.125,0.105842984603699,280,"Canadian Exclusive Economic Zone"
-131.375,53.125,0.00602109049283299,280,"Canadian Exclusive Economic Zone"
-131.125,53.125,0.0124382734315031,280,"Canadian Exclusive Economic Zone"
-130.875,53.125,0.00501923419829627,280,"Canadian Exclusive Economic Zone"
-130.625,53.125,0.00237247186128663,280,"Canadian Exclusive Economic Zone"
-130.375,53.125,0.0189747903549874,280,"Canadian Exclusive Economic Zone"
-130.125,53.125,0.120551051723786,280,"Canadian Exclusive Economic Zone"
-129.875,53.125,0.0198498229791211,280,"Canadian Exclusive Economic Zone"
-129.625,53.125,0.0143644630106867,280,"Canadian Exclusive Economic Zone"
-129.375,53.125,0.0667047001893973,280,"Canadian Exclusive Economic Zone"
-129.125,53.125,0.0360493569244531,280,"Canadian Exclusive Economic Zone"
-168.875,52.875,1.44934817066061,6616,"United States Exclusive Economic Zone (Alaska)"
-168.625,52.875,0.781527200652357,6616,"United States Exclusive Economic Zone (Alaska)"
-168.375,52.875,0.296651206813483,6616,"United States Exclusive Economic Zone (Alaska)"
-168.125,52.875,0.101371282748937,6643,"United States Exclusive Economic Zone (Alaska)"
-132.625,52.875,0.00748360629845785,279,"Canadian Exclusive Economic Zone"
-132.375,52.875,0.00639103848183899,279,"Canadian Exclusive Economic Zone"
-131.625,52.875,0.214241160793953,280,"Canadian Exclusive Economic Zone"
-131.375,52.875,0.0482241246610829,280,"Canadian Exclusive Economic Zone"
-131.125,52.875,0.053733348219746,280,"Canadian Exclusive Economic Zone"
-130.875,52.875,0.0312812221586727,280,"Canadian Exclusive Economic Zone"
-130.625,52.875,0.0164465348768255,280,"Canadian Exclusive Economic Zone"
-130.375,52.875,0.00580844237621418,280,"Canadian Exclusive Economic Zone"
-130.125,52.875,0.0367189253163706,280,"Canadian Exclusive Economic Zone"
-129.875,52.875,0.0384494752710096,280,"Canadian Exclusive Economic Zone"
-129.625,52.875,0.0620852455872074,280,"Canadian Exclusive Economic Zone"
-129.375,52.875,0.024795717482321,280,"Canadian Exclusive Economic Zone"
-168.875,52.625,0.113570899642041,6615,"United States Exclusive Economic Zone (Alaska)"
-168.625,52.625,0.0010724887610685,6643,"United States Exclusive Economic Zone (Alaska)"
-168.375,52.625,0.00173896050278437,6643,"United States Exclusive Economic Zone (Alaska)"
-168.125,52.625,0.00262480496449598,6643,"United States Exclusive Economic Zone (Alaska)"
-132.375,52.625,0.070651710036598,279,"Canadian Exclusive Economic Zone"
-132.125,52.625,0.0840650551229855,279,"Canadian Exclusive Economic Zone"
-131.375,52.625,0.179341938910197,280,"Canadian Exclusive Economic Zone"
-131.125,52.625,0.0920717278558972,280,"Canadian Exclusive Economic Zone"
-130.875,52.625,0.156876401137346,280,"Canadian Exclusive Economic Zone"
-130.625,52.625,0.0444285833436134,280,"Canadian Exclusive Economic Zone"
-130.375,52.625,0.0424678731690907,307,"Canadian Exclusive Economic Zone"
-129.875,52.625,0.0548985373282629,307,"Canadian Exclusive Economic Zone"
-129.625,52.625,0.0013508983784181,307,"Canadian Exclusive Economic Zone"
-129.375,52.625,0.0556178356427148,307,"Canadian Exclusive Economic Zone"
-128.875,52.625,0.0134791649256946,307,"Canadian Exclusive Economic Zone"
-168.625,52.375,0.0156126386802684,6643,"United States Exclusive Economic Zone (Alaska)"
-168.375,52.375,0.0460153334810953,6643,"United States Exclusive Economic Zone (Alaska)"
-132.125,52.375,0.0655956731136953,279,"Canadian Exclusive Economic Zone"
-131.875,52.375,0.0787699120881302,279,"Canadian Exclusive Economic Zone"
-131.625,52.375,0.0374386107947974,279,"Canadian Exclusive Economic Zone"
-131.375,52.375,0.116754618360897,307,NA
-131.125,52.375,0.10632901839284,307,"Canadian Exclusive Economic Zone"
-130.875,52.375,0.128372784752737,307,"Canadian Exclusive Economic Zone"
-130.625,52.375,0.0841903600659748,307,"Canadian Exclusive Economic Zone"
-130.375,52.375,0.100383191403734,307,"Canadian Exclusive Economic Zone"
-129.625,52.375,0.019799693753024,307,"Canadian Exclusive Economic Zone"
-129.375,52.375,0.0278927984366204,307,"Canadian Exclusive Economic Zone"
-129.125,52.375,0.0279285543937428,307,"Canadian Exclusive Economic Zone"
-128.875,52.375,0.0188974522711212,307,"Canadian Exclusive Economic Zone"
-127.875,52.375,0.390499931099818,308,"Canadian Exclusive Economic Zone"
-131.875,52.125,0.169361318242667,279,"Canadian Exclusive Economic Zone"
-131.625,52.125,0.0939017817272491,279,"Canadian Exclusive Economic Zone"
-131.375,52.125,0.227424498165943,307,"Canadian Exclusive Economic Zone"
-131.125,52.125,0.106195987459211,307,NA
-130.875,52.125,0.206274698897058,307,"Canadian Exclusive Economic Zone"
-130.625,52.125,0.165167322780332,307,"Canadian Exclusive Economic Zone"
-130.375,52.125,0.309563087322924,307,"Canadian Exclusive Economic Zone"
-129.375,52.125,0.0752771157906873,307,"Canadian Exclusive Economic Zone"
-129.125,52.125,0.0172215646131755,307,"Canadian Exclusive Economic Zone"
-128.875,52.125,0.0065356745034426,307,"Canadian Exclusive Economic Zone"
-128.625,52.125,0.0390690056798857,307,"Canadian Exclusive Economic Zone"
-128.375,52.125,0.0863190105492342,307,"Canadian Exclusive Economic Zone"
-127.875,52.125,0.580537329614837,308,"Canadian Exclusive Economic Zone"
-127.625,52.125,0.45731691796421,308,"Canadian Exclusive Economic Zone"
-131.625,51.875,0.296938309870946,307,"Canadian Exclusive Economic Zone"
-131.375,51.875,0.210407797179153,307,"Canadian Exclusive Economic Zone"
-131.125,51.875,0.21939640895208,307,"Canadian Exclusive Economic Zone"
-130.875,51.875,0.212155760758354,307,"Canadian Exclusive Economic Zone"
-130.625,51.875,0.166219983545631,307,"Canadian Exclusive Economic Zone"
-130.375,51.875,0.196498369259902,307,"Canadian Exclusive Economic Zone"
-129.125,51.875,0.19187015477723,307,"Canadian Exclusive Economic Zone"
-128.875,51.875,0.0100450810716326,307,"Canadian Exclusive Economic Zone"
-128.625,51.875,0.0129688877204686,307,"Canadian Exclusive Economic Zone"
-128.375,51.875,0.0258453994797644,307,"Canadian Exclusive Economic Zone"
-127.875,51.875,0.96179077353316,307,"Canadian Exclusive Economic Zone"
-131.375,51.625,0.375178859551011,307,"Canadian Exclusive Economic Zone"
-131.125,51.625,0.269179937832522,307,"Canadian Exclusive Economic Zone"
-130.875,51.625,0.235581509592779,307,"Canadian Exclusive Economic Zone"
-130.625,51.625,0.24029607397337,307,"Canadian Exclusive Economic Zone"
-128.875,51.625,0.0553647872001766,307,"Canadian Exclusive Economic Zone"
-128.625,51.625,0.00989801588618811,307,"Canadian Exclusive Economic Zone"
-128.375,51.625,0.034643750539709,307,"Canadian Exclusive Economic Zone"
-127.875,51.625,0.542112090633071,307,"Canadian Exclusive Economic Zone"
-131.125,51.375,0.920443422718204,307,"Canadian Exclusive Economic Zone"
-130.875,51.375,0.870748677954271,307,"Canadian Exclusive Economic Zone"
-128.625,51.375,0.00977454158485921,307,"Canadian Exclusive Economic Zone"
-128.375,51.375,0.000789997896476144,307,"Canadian Exclusive Economic Zone"
-128.125,51.375,0.0156859283768118,307,"Canadian Exclusive Economic Zone"
-127.875,51.375,0.357227487450886,335,"Canadian Exclusive Economic Zone"
-129.125,51.125,0.028329025433673,307,"Canadian Exclusive Economic Zone"
-128.875,51.125,0.0185947704726163,307,"Canadian Exclusive Economic Zone"
-128.625,51.125,0.0187367071742608,307,"Canadian Exclusive Economic Zone"
-128.375,51.125,0.000337341016024642,307,"Canadian Exclusive Economic Zone"
-128.125,51.125,0.0258609356236626,307,"Canadian Exclusive Economic Zone"
-127.875,51.125,0.296246003824015,335,"Canadian Exclusive Economic Zone"
-129.375,50.875,0.0170448923319407,307,"Canadian Exclusive Economic Zone"
-129.125,50.875,0.00327194518548233,307,"Canadian Exclusive Economic Zone"
-128.875,50.875,0.0240990194514759,307,"Canadian Exclusive Economic Zone"
-128.625,50.875,0.000108178301408049,307,"Canadian Exclusive Economic Zone"
-128.375,50.875,0.0368785226784529,307,"Canadian Exclusive Economic Zone"
-128.125,50.875,0.0898043204658819,335,"Canadian Exclusive Economic Zone"
-127.875,50.875,0.368341976233165,335,"Canadian Exclusive Economic Zone"
-127.625,50.875,0.901443158021877,335,"Canadian Exclusive Economic Zone"
-127.375,50.875,1.0409981329299,335,"Canadian Exclusive Economic Zone"
-126.875,50.875,1.01267088894301,335,"Canadian Exclusive Economic Zone"
-126.625,50.875,1.51453745911657,335,"Canadian Exclusive Economic Zone"
-129.375,50.625,0.158150555327033,307,"Canadian Exclusive Economic Zone"
-129.125,50.625,0.0425537191481918,307,"Canadian Exclusive Economic Zone"
-128.875,50.625,0.00117829931644766,307,"Canadian Exclusive Economic Zone"
-128.625,50.625,0.0699286314358475,307,"Canadian Exclusive Economic Zone"
-128.375,50.625,0.076521886113684,307,"Canadian Exclusive Economic Zone"
-127.125,50.625,1.16242438646617,335,"Canadian Exclusive Economic Zone"
-126.875,50.625,1.21101207645268,335,NA
-126.625,50.625,1.71399898593067,335,"Canadian Exclusive Economic Zone"
-129.125,50.375,0.993988748128392,307,"Canadian Exclusive Economic Zone"
-128.875,50.375,0.552193439425054,307,"Canadian Exclusive Economic Zone"
-128.625,50.375,0.0778805186938562,307,"Canadian Exclusive Economic Zone"
-128.375,50.375,0.0488883595919965,335,"Canadian Exclusive Economic Zone"
-128.125,50.375,0.112927851199355,335,"Canadian Exclusive Economic Zone"
-128.375,50.125,0.0493136433330432,334,"Canadian Exclusive Economic Zone"
-128.125,50.125,0.00130312617398799,335,"Canadian Exclusive Economic Zone"
-128.125,49.875,0.113669569988894,334,"Canadian Exclusive Economic Zone"
-127.875,49.875,0.0104711458631733,335,"Canadian Exclusive Economic Zone"
-127.625,49.875,0.0262741044146369,335,"Canadian Exclusive Economic Zone"
-127.375,49.875,0.054103908662953,335,"Canadian Exclusive Economic Zone"
-127.375,49.625,0.0246411995382363,335,"Canadian Exclusive Economic Zone"
-127.125,49.625,0.111730443984282,335,"Canadian Exclusive Economic Zone"
-126.875,49.625,0.236246617111198,335,"Canadian Exclusive Economic Zone"
-127.125,49.375,0.00489064713739819,335,"Canadian Exclusive Economic Zone"
-126.875,49.375,0.00112875195757004,335,"Canadian Exclusive Economic Zone"
-126.625,49.375,0.00107996281119168,335,"Canadian Exclusive Economic Zone"
-126.375,49.375,0.00779934877328262,335,"Canadian Exclusive Economic Zone"
-126.875,49.125,0.00249881882934998,362,"Canadian Exclusive Economic Zone"
-126.625,49.125,0.0267555761691225,362,"Canadian Exclusive Economic Zone"
-126.375,49.125,0.0325792625051857,362,"Canadian Exclusive Economic Zone"
-126.125,49.125,0.0306211141728651,362,"Canadian Exclusive Economic Zone"
-125.875,49.125,0.0373897486084972,362,"Canadian Exclusive Economic Zone"
-126.625,48.875,0.0117547187323154,362,"Canadian Exclusive Economic Zone"
-126.375,48.875,0.0680624214039199,362,"Canadian Exclusive Economic Zone"
-126.125,48.875,0.0457101455666494,362,"Canadian Exclusive Economic Zone"
-125.875,48.875,0.132703148544525,362,"Canadian Exclusive Economic Zone"
-125.625,48.875,0.136630644327116,362,"Canadian Exclusive Economic Zone"
-125.375,48.875,0.161729852416513,362,"Canadian Exclusive Economic Zone"
-125.125,48.875,0.36941474893568,362,"Canadian Exclusive Economic Zone"
-125.875,48.625,0.70906897706041,362,"Canadian Exclusive Economic Zone"
-125.625,48.625,0.29205725519136,362,"Canadian Exclusive Economic Zone"
-125.375,48.625,0.0843679472497425,362,"Canadian Exclusive Economic Zone"
-125.125,48.625,0.281065672004806,362,"Canadian Exclusive Economic Zone"
-124.875,48.625,0.105197594006702,362,"Canadian Exclusive Economic Zone"
-125.625,48.375,2.11079199732595,362,"Canadian Exclusive Economic Zone"
-125.375,48.375,1.55295157056222,362,"Canadian Exclusive Economic Zone"
-125.125,48.375,0.0264613282652919,362,"United States Exclusive Economic Zone"
-124.875,48.375,0.276376699228546,362,"United States Exclusive Economic Zone"
-124.625,48.375,0.624520889408144,362,NA
-124.375,48.375,0.804061181739816,362,"United States Exclusive Economic Zone"
-124.125,48.375,0.897599302729496,362,"Canadian Exclusive Economic Zone"
-123.875,48.375,1.105492000742,362,"Canadian Exclusive Economic Zone"
-125.125,48.125,0.191436239665972,362,"United States Exclusive Economic Zone"
-124.875,48.125,0.19498067134748,362,"United States Exclusive Economic Zone"
-125.125,47.875,0.578285379177166,362,"United States Exclusive Economic Zone"
-124.875,47.875,0.201094602923082,362,"United States Exclusive Economic Zone"
-124.625,47.875,0.0490005982717375,362,"United States Exclusive Economic Zone"
-125.125,47.625,0.489511659622548,362,"United States Exclusive Economic Zone"
-124.875,47.625,0.345612285099452,362,"United States Exclusive Economic Zone"
-124.625,47.625,0.0579077901335539,362,"United States Exclusive Economic Zone"
-125.125,47.375,1.76469607085083,362,"United States Exclusive Economic Zone"
-124.875,47.375,0.346132074154244,362,"United States Exclusive Economic Zone"
-124.625,47.375,0.125268618399522,362,"United States Exclusive Economic Zone"
-124.375,47.375,0.155547393418714,362,"United States Exclusive Economic Zone"
-124.875,47.125,0.628821720252585,362,"United States Exclusive Economic Zone"
-124.625,47.125,0.708482037725003,362,"United States Exclusive Economic Zone"
-124.375,47.125,0.425466441440685,390,"United States Exclusive Economic Zone"
-124.625,46.875,0.113234248109746,389,"United States Exclusive Economic Zone"
-124.375,46.875,0.0201626388843851,389,"United States Exclusive Economic Zone"
-124.125,46.875,0.722201973759,390,"United States Exclusive Economic Zone"
-124.625,46.625,0.876205197103088,389,"United States Exclusive Economic Zone"
-124.375,46.625,0.645378092164992,389,"United States Exclusive Economic Zone"
-124.125,46.625,1.455651267343,389,"United States Exclusive Economic Zone"
-124.625,46.375,2.5986755883625,389,"United States Exclusive Economic Zone"
-124.375,46.375,1.03914882077081,389,"United States Exclusive Economic Zone"
-124.125,46.375,2.3432573346779,389,"United States Exclusive Economic Zone"
-124.625,46.125,1.18216231399513,389,"United States Exclusive Economic Zone"
-124.375,46.125,1.27221238417474,389,"United States Exclusive Economic Zone"
-124.125,46.125,2.52266274327192,389,"United States Exclusive Economic Zone"
-124.625,45.875,0.621233061742718,389,"United States Exclusive Economic Zone"
-124.375,45.875,0.391126890832885,389,"United States Exclusive Economic Zone"
-124.125,45.875,1.00127784406515,389,"United States Exclusive Economic Zone"
-124.375,45.625,0.889422907912334,389,"United States Exclusive Economic Zone"
-124.125,45.625,0.725641728780122,389,"United States Exclusive Economic Zone"
-124.125,45.375,0.559969657184678,389,"United States Exclusive Economic Zone"
-124.125,45.125,0.347265102212568,389,"United States Exclusive Economic Zone"
-124.375,44.875,0.741313263756527,389,"United States Exclusive Economic Zone"
-124.125,44.875,0.425532966221643,389,"United States Exclusive Economic Zone"
-124.625,44.625,0.782016643556191,389,"United States Exclusive Economic Zone"
-124.375,44.625,0.597604938215388,389,"United States Exclusive Economic Zone"
-124.125,44.625,0.525104937547891,389,"United States Exclusive Economic Zone"
-124.625,44.375,0.346806010463033,389,"United States Exclusive Economic Zone"
-124.375,44.375,0.223667571103797,416,"United States Exclusive Economic Zone"
-124.125,44.375,0.49870362314915,416,"United States Exclusive Economic Zone"
-124.625,44.125,0.0779481816278457,416,"United States Exclusive Economic Zone"
-124.375,44.125,0.0685377700571845,416,"United States Exclusive Economic Zone"
-124.625,43.875,0.934824946608708,416,"United States Exclusive Economic Zone"
-124.375,43.875,0.263300936985001,416,"United States Exclusive Economic Zone"
-124.625,43.625,0.599293028287924,416,"United States Exclusive Economic Zone"
-124.375,43.625,0.160741514687563,416,"United States Exclusive Economic Zone"
-124.625,43.375,0.210877560082165,416,"United States Exclusive Economic Zone"
-124.375,43.375,0.0801178079888998,416,"United States Exclusive Economic Zone"
-124.625,43.125,0.390413154870592,416,"United States Exclusive Economic Zone"
-124.875,42.875,0.051500258043097,416,"United States Exclusive Economic Zone"
-124.625,42.875,0.0247699944397064,416,"United States Exclusive Economic Zone"
-124.875,42.625,0.187881844813198,416,"United States Exclusive Economic Zone"
-124.625,42.625,0.0265411861093498,416,"United States Exclusive Economic Zone"
-124.625,42.375,1.55137445763703,416,"United States Exclusive Economic Zone"
-124.625,42.125,1.53339523975922,416,"United States Exclusive Economic Zone"
-124.375,42.125,1.1154978625218,416,"United States Exclusive Economic Zone"
-124.625,41.875,1.87952462796168,416,"United States Exclusive Economic Zone"
-124.375,41.875,1.87331798885897,416,"United States Exclusive Economic Zone"
-124.625,41.625,1.29052257388231,443,"United States Exclusive Economic Zone"
-124.375,41.625,1.43968514862212,443,"United States Exclusive Economic Zone"
-124.125,41.625,3.0597023841085,443,"United States Exclusive Economic Zone"
-124.625,41.375,0.296365510866189,443,"United States Exclusive Economic Zone"
-124.375,41.375,0.36665618779685,443,"United States Exclusive Economic Zone"
-124.125,41.375,0.39362372316962,443,"United States Exclusive Economic Zone"
-124.375,41.125,0.52916980653657,443,"United States Exclusive Economic Zone"
